Name,School,Class,Grade,Number,Math,Language,English
Ms. Kanisha Schroeder,Shincheon,1,1,1,57,23,59
Joan Jerde,Shincheon,1,1,2,67,46,47
Keenan Greenholt III,Shincheon,1,1,3,33,87,2
Tiera Nolan,Shincheon,1,1,4,33,7,48
Mrs. Sage Toy,Shincheon,1,1,5,27,83,70
Mario Dickinson,Shincheon,1,1,6,41,77,17
Mrs. Brendan Stanton,Shincheon,1,1,7,11,16,17
Margorie Harris,Shincheon,1,1,8,48,9,33
Lavette Mitchell,Shincheon,1,1,9,21,58,72
Katheleen Satterfield,Shincheon,1,1,10,57,54,47
Andrea Beer,Shincheon,1,1,11,71,65,18
Mr. Eugene Emard,Shincheon,1,1,12,45,91,90
Lucio Ryan,Shincheon,1,1,13,10,12,9
Mac Steuber,Shincheon,1,1,14,59,52,94
Vince Spencer,Shincheon,1,1,15,53,23,63
Bronwyn Daugherty,Shincheon,1,1,16,61,80,94
Roselee Swaniawski,Shincheon,1,1,17,39,26,80
Alica Shields,Shincheon,1,1,18,70,48,1
Mrs. Jasper Rutherford,Shincheon,1,1,19,47,77,47
Raymon Ebert,Shincheon,1,1,20,77,2,51
Clair Erdman,Shincheon,1,1,21,82,71,67
Noble Hahn Sr.,Shincheon,1,1,22,89,25,23
Mrs. Alfredia Hahn,Shincheon,1,1,23,36,48,51
Octavio Brekke I,Shincheon,1,1,24,89,94,35
Leilani Douglas,Shincheon,1,1,25,48,40,10
Kenton Vandervort,Shincheon,1,1,26,51,5,16
Ariana Kassulke,Shincheon,1,1,27,42,3,16
Anya Homenick,Shincheon,1,1,28,76,92,57
Alejandro Hagenes V,Shincheon,1,1,29,86,98,96
Dorian Cruickshank,Shincheon,1,1,30,3,1,43
Ellsworth Beer,Shincheon,1,2,1,12,74,83
Helaine Parker,Shincheon,1,2,2,32,35,6
Barbie Howell II,Shincheon,1,2,3,22,22,51
Mr. Alphonso Skiles,Shincheon,1,2,4,93,74,60
Sean Krajcik,Shincheon,1,2,5,61,86,30
Miss Arletha Lakin,Shincheon,1,2,6,72,71,93
Miss Clarice Waelchi,Shincheon,1,2,7,54,84,42
Lindsy Emard,Shincheon,1,2,8,44,65,83
Mr. Tamesha Hyatt,Shincheon,1,2,9,63,80,26
Kai Ziemann,Shincheon,1,2,10,81,45,83
Valentine Mosciski III,Shincheon,1,2,11,53,60,77
Dr. Kemberly Shanahan,Shincheon,1,2,12,36,2,43
Jed O'Conner,Shincheon,1,2,13,98,68,72
Brian Klocko II,Shincheon,1,2,14,26,49,48
Rachelle Orn,Shincheon,1,2,15,20,76,6
Roni Boyer PhD,Shincheon,1,2,16,93,17,92
Frankie Jones,Shincheon,1,2,17,84,10,92
Shelly Hartmann,Shincheon,1,2,18,68,55,17
Armando Kirlin,Shincheon,1,2,19,65,84,11
Piedad Reichel,Shincheon,1,2,20,45,80,3
Desmond Bednar,Shincheon,1,2,21,92,47,50
Colette Cummings,Shincheon,1,2,22,71,47,44
Mrs. Elana Larkin,Shincheon,1,2,23,18,93,31
Miranda Feest,Shincheon,1,2,24,58,5,60
Mora Grady,Shincheon,1,2,25,24,74,32
Dionna Abbott,Shincheon,1,2,26,87,86,66
Ms. Mariette Muller,Shincheon,1,2,27,14,57,62
Lindsay McDermott,Shincheon,1,2,28,34,28,42
Loriann Okuneva,Shincheon,1,2,29,30,92,84
Javier Ward,Shincheon,1,2,30,6,10,35
Claretha Hayes,Shincheon,1,3,1,55,74,37
Nadene Cronin Sr.,Shincheon,1,3,2,24,64,49
Lyle Waelchi,Shincheon,1,3,3,87,34,77
Korey Hermann,Shincheon,1,3,4,4,38,51
Kyle Ward,Shincheon,1,3,5,53,94,69
Georgianna Reichert,Shincheon,1,3,6,66,45,28
Camille Hansen,Shincheon,1,3,7,55,0,20
Josiah Mann PhD,Shincheon,1,3,8,43,67,44
Glinda Hegmann V,Shincheon,1,3,9,88,37,59
Robert Pfeffer,Shincheon,1,3,10,32,26,10
Jettie Hyatt PhD,Shincheon,1,3,11,9,9,44
Tonisha Nolan,Shincheon,1,3,12,53,77,19
Gaston Padberg III,Shincheon,1,3,13,48,93,62
Miss Marica Tremblay,Shincheon,1,3,14,80,47,73
Jona Bahringer DDS,Shincheon,1,3,15,11,7,66
Chuck Greenholt IV,Shincheon,1,3,16,13,91,88
Doreen Barrows,Shincheon,1,3,17,44,18,77
Terrell Ernser,Shincheon,1,3,18,63,22,32
Marietta Grady,Shincheon,1,3,19,28,78,66
Jestine Jast III,Shincheon,1,3,20,91,50,1
Bernardo Sanford,Shincheon,1,3,21,29,40,97
Ms. Abdul Huel,Shincheon,1,3,22,74,72,12
Meta Tillman,Shincheon,1,3,23,32,53,46
Gary D'Amore,Shincheon,1,3,24,31,42,22
Sonia Feest,Shincheon,1,3,25,74,92,13
Hassie Lesch,Shincheon,1,3,26,56,89,21
Michael Kautzer,Shincheon,1,3,27,35,0,55
Mr. Donald Witting,Shincheon,1,3,28,23,37,20
Mrs. Lonnie Olson,Shincheon,1,3,29,18,10,76
Ambrose King,Shincheon,1,3,30,69,22,29
Yukiko Volkman,Shincheon,1,4,1,51,53,39
Crystal Emard,Shincheon,1,4,2,72,22,29
Leland Daniel,Shincheon,1,4,3,71,2,49
Vance Corwin,Shincheon,1,4,4,72,16,44
Arthur Miller,Shincheon,1,4,5,9,99,37
Basilia Predovic,Shincheon,1,4,6,6,96,37
Angelita Stoltenberg,Shincheon,1,4,7,5,94,52
Vilma Rau II,Shincheon,1,4,8,97,51,87
Cyrus Jenkins DDS,Shincheon,1,4,9,2,13,35
Andres Kovacek,Shincheon,1,4,10,6,72,1
Ellyn Dicki III,Shincheon,1,4,11,7,90,44
Candi Shanahan,Shincheon,1,4,12,54,64,94
Shonda Donnelly,Shincheon,1,4,13,55,29,92
Jessia Howell,Shincheon,1,4,14,98,46,99
Janise Macejkovic,Shincheon,1,4,15,72,13,67
Crystal Jast III,Shincheon,1,4,16,74,94,22
Ms. Sage Stoltenberg,Shincheon,1,4,17,84,41,89
Thurman Bogisich,Shincheon,1,4,18,13,73,58
Sherryl Schaden,Shincheon,1,4,19,4,17,80
Tia Goyette,Shincheon,1,4,20,98,41,76
Mrs. Lurlene Gusikowski,Shincheon,1,4,21,87,32,5
Sergio Zboncak V,Shincheon,1,4,22,78,9,7
Denver Ruecker,Shincheon,1,4,23,98,61,69
Ms. Enrique Upton,Shincheon,1,4,24,6,80,88
Leora Osinski,Shincheon,1,4,25,64,64,55
Clemente Bauch,Shincheon,1,4,26,49,89,52
Rene Jerde,Shincheon,1,4,27,82,59,63
Jimmy Waters,Shincheon,1,4,28,64,93,39
Mrs. Elmo Schowalter,Shincheon,1,4,29,75,27,61
Brenton Kozey II,Shincheon,1,4,30,65,79,83
Araceli Keebler,Shincheon,1,5,1,13,52,67
Andy Hagenes,Shincheon,1,5,2,0,57,13
Venus Hahn,Shincheon,1,5,3,61,6,24
Rashad Wehner,Shincheon,1,5,4,26,39,51
Cathleen Senger,Shincheon,1,5,5,18,84,73
Arnulfo Cormier,Shincheon,1,5,6,27,17,8
Ronni Daniel,Shincheon,1,5,7,37,73,58
Nakesha Collins,Shincheon,1,5,8,85,44,84
Florencio Schaden,Shincheon,1,5,9,82,20,22
Florencio Thiel,Shincheon,1,5,10,27,44,48
Julian Jaskolski,Shincheon,1,5,11,39,37,48
Dreama Gorczany,Shincheon,1,5,12,24,61,56
Louis Wiza Jr.,Shincheon,1,5,13,87,61,11
Maryanne Dooley III,Shincheon,1,5,14,67,50,3
Theron Hammes,Shincheon,1,5,15,16,91,88
Raelene Mueller,Shincheon,1,5,16,82,60,99
Joana Stehr,Shincheon,1,5,17,57,21,88
Janeth Heidenreich,Shincheon,1,5,18,17,58,21
Gerald Champlin,Shincheon,1,5,19,3,79,45
Erich Hegmann,Shincheon,1,5,20,85,52,29
Salvatore Lubowitz,Shincheon,1,5,21,81,75,41
Simon Nicolas,Shincheon,1,5,22,97,91,34
Kim Gislason,Shincheon,1,5,23,86,68,30
Claudette Volkman,Shincheon,1,5,24,88,47,57
Minta Koelpin,Shincheon,1,5,25,21,41,42
Eddie Rohan,Shincheon,1,5,26,46,20,41
Graig Labadie V,Shincheon,1,5,27,20,29,14
Loren Breitenberg,Shincheon,1,5,28,78,5,21
Adam Quitzon V,Shincheon,1,5,29,55,53,21
Miss Adelia Lind,Shincheon,1,5,30,45,68,29
Dr. Tyree Dietrich,Shincheon,2,1,1,48,22,56
Bryon Pouros,Shincheon,2,1,2,57,41,82
Monty Kiehn MD,Shincheon,2,1,3,86,89,97
Mr. Esteban Bogisich,Shincheon,2,1,4,82,48,3
Adrian O'Reilly,Shincheon,2,1,5,14,24,75
Jame Emard,Shincheon,2,1,6,84,97,59
Otto Erdman,Shincheon,2,1,7,76,0,65
Darnell Fisher,Shincheon,2,1,8,77,63,79
Chong Raynor I,Shincheon,2,1,9,58,11,63
Santo Bashirian,Shincheon,2,1,10,63,35,11
Tina Bode,Shincheon,2,1,11,53,74,73
Jan Reynolds,Shincheon,2,1,12,91,29,35
Rocco Nikolaus,Shincheon,2,1,13,40,77,87
Miss Dannette Feil,Shincheon,2,1,14,5,48,36
Demetrius MacGyver,Shincheon,2,1,15,7,45,99
Bernetta Schmitt,Shincheon,2,1,16,0,17,32
Minh Stoltenberg,Shincheon,2,1,17,12,13,67
Alphonse Conroy,Shincheon,2,1,18,96,46,42
Mr. Millard Ernser,Shincheon,2,1,19,20,67,74
Dorene Runolfsdottir,Shincheon,2,1,20,4,36,3
Genie Witting,Shincheon,2,1,21,84,86,34
Jonas Brakus,Shincheon,2,1,22,39,66,98
Salley Nitzsche Sr.,Shincheon,2,1,23,40,27,62
Hiram Deckow,Shincheon,2,1,24,37,71,22
Loni Ward,Shincheon,2,1,25,81,67,29
Tomas Johnson,Shincheon,2,1,26,84,28,0
Samual Von,Shincheon,2,1,27,87,45,16
Cleo MacGyver,Shincheon,2,1,28,48,42,63
Ozzie Lindgren,Shincheon,2,1,29,26,51,44
Taren Aufderhar,Shincheon,2,1,30,6,88,10
Kyle Altenwerth Sr.,Shincheon,2,2,1,85,98,14
Chauncey Morar,Shincheon,2,2,2,91,60,59
Wynona Kuhlman I,Shincheon,2,2,3,93,37,65
Wilmer Considine,Shincheon,2,2,4,13,89,60
Saturnina Beahan IV,Shincheon,2,2,5,60,74,99
Zackary Sauer,Shincheon,2,2,6,83,17,98
Mohammad Ziemann,Shincheon,2,2,7,3,68,95
Mrs. Joaquin Abernathy,Shincheon,2,2,8,25,81,90
Kelli Mann II,Shincheon,2,2,9,90,88,47
Wanda Luettgen,Shincheon,2,2,10,4,9,83
Irwin Franecki,Shincheon,2,2,11,44,63,9
Jamey McGlynn,Shincheon,2,2,12,22,75,83
Miss Porter Feil,Shincheon,2,2,13,83,15,27
Morton Bernier,Shincheon,2,2,14,80,68,32
Lisbeth Boehm,Shincheon,2,2,15,88,91,29
Harriett Nienow,Shincheon,2,2,16,67,97,81
Mrs. Larry Hand,Shincheon,2,2,17,94,35,49
Janey Kovacek,Shincheon,2,2,18,78,21,15
Dong Koss,Shincheon,2,2,19,49,49,47
Ivonne Miller PhD,Shincheon,2,2,20,92,97,64
Janis Smitham I,Shincheon,2,2,21,38,14,9
Ward Boehm,Shincheon,2,2,22,74,65,31
Landon Prohaska,Shincheon,2,2,23,82,62,30
Meghann Runte,Shincheon,2,2,24,80,23,66
Jesica West,Shincheon,2,2,25,8,28,74
Vito Hane,Shincheon,2,2,26,10,28,21
Jenette Sanford,Shincheon,2,2,27,22,55,66
Ms. Lenny Blanda,Shincheon,2,2,28,58,24,30
Reid Murphy,Shincheon,2,2,29,20,89,14
Quentin Konopelski,Shincheon,2,2,30,67,99,35
Ivana Gibson,Shincheon,2,3,1,67,50,0
Miss Anja Sipes,Shincheon,2,3,2,89,6,72
Justina Labadie,Shincheon,2,3,3,13,17,1
Brain Kling,Shincheon,2,3,4,19,54,80
Obdulia Reynolds,Shincheon,2,3,5,17,74,66
Sal Zemlak V,Shincheon,2,3,6,30,4,26
Freeda Bogan DDS,Shincheon,2,3,7,16,37,47
Darby Rath,Shincheon,2,3,8,66,0,69
Darrin Adams,Shincheon,2,3,9,19,15,15
Bernard Brakus DDS,Shincheon,2,3,10,57,46,35
Boyd Pfannerstill,Shincheon,2,3,11,15,52,21
Jarrett Weissnat,Shincheon,2,3,12,42,42,53
Alejandro Hahn,Shincheon,2,3,13,41,85,40
Tiffaney Corkery,Shincheon,2,3,14,44,18,82
Hae Bashirian,Shincheon,2,3,15,28,96,10
Verla Gerhold,Shincheon,2,3,16,61,66,57
Rolland Littel IV,Shincheon,2,3,17,62,88,40
Ms. Pennie Bogisich,Shincheon,2,3,18,36,96,31
Stanley Sporer,Shincheon,2,3,19,57,62,7
Cleo Boyle,Shincheon,2,3,20,60,93,81
Merlin Gorczany,Shincheon,2,3,21,78,65,37
Marcus Simonis,Shincheon,2,3,22,65,74,68
Waldo Kilback,Shincheon,2,3,23,32,70,50
Troy Wisozk,Shincheon,2,3,24,57,90,39
Mr. Keturah Hartmann,Shincheon,2,3,25,75,82,90
Melaine Pfeffer,Shincheon,2,3,26,9,26,3
Neville Cruickshank,Shincheon,2,3,27,48,66,72
Scottie Tromp,Shincheon,2,3,28,72,31,89
Yukiko Bergnaum,Shincheon,2,3,29,63,1,24
Taunya Cummings I,Shincheon,2,3,30,93,12,4
Ms. Jennine Ortiz,Shincheon,2,4,1,95,80,91
Jolyn Herzog,Shincheon,2,4,2,50,5,96
Rea Goyette,Shincheon,2,4,3,75,21,36
Miss Ellena Gaylord,Shincheon,2,4,4,50,25,32
Cruz Daniel,Shincheon,2,4,5,85,82,63
Latoria Smitham,Shincheon,2,4,6,64,51,10
Branden Bednar,Shincheon,2,4,7,96,8,24
Celena Purdy,Shincheon,2,4,8,19,16,80
Michel Orn,Shincheon,2,4,9,43,45,80
Noble Toy,Shincheon,2,4,10,27,31,3
Rusty Rosenbaum I,Shincheon,2,4,11,8,78,63
Lien Vandervort,Shincheon,2,4,12,93,60,78
Marlyn Gerhold,Shincheon,2,4,13,64,17,92
Dr. Minda Runte,Shincheon,2,4,14,96,71,57
Jamie Rutherford,Shincheon,2,4,15,98,77,88
Mertie Trantow,Shincheon,2,4,16,17,84,9
Kyle Ryan,Shincheon,2,4,17,7,55,73
Miss Huey Hayes,Shincheon,2,4,18,11,97,66
Malcom Champlin,Shincheon,2,4,19,87,72,87
Valene Goldner,Shincheon,2,4,20,69,33,75
Sherlyn Crona II,Shincheon,2,4,21,24,42,20
Hal Bednar,Shincheon,2,4,22,87,91,80
Estella Wisozk,Shincheon,2,4,23,53,25,88
Freddie Fisher,Shincheon,2,4,24,2,53,38
Garth Nolan,Shincheon,2,4,25,37,27,91
Shane Hickle,Shincheon,2,4,26,69,35,59
Shantel Mitchell,Shincheon,2,4,27,66,62,69
Edgar Corwin DDS,Shincheon,2,4,28,30,85,1
Nick Emard,Shincheon,2,4,29,3,21,42
Louanne Mohr,Shincheon,2,4,30,59,48,39
Maynard Dickinson,Shincheon,2,5,1,22,78,46
Miss Ebonie Zulauf,Shincheon,2,5,2,0,29,93
Mr. Jonah Barrows,Shincheon,2,5,3,96,17,3
Trudi Runolfsdottir,Shincheon,2,5,4,99,53,25
Catharine Muller,Shincheon,2,5,5,15,68,29
Dominick Christiansen,Shincheon,2,5,6,28,26,57
Madalene Upton,Shincheon,2,5,7,8,53,58
Lakenya Conn,Shincheon,2,5,8,57,13,17
Trudi Keebler IV,Shincheon,2,5,9,20,22,91
Robbin Turner DVM,Shincheon,2,5,10,68,28,95
Lee Sauer DDS,Shincheon,2,5,11,61,4,10
Herb Parker,Shincheon,2,5,12,22,19,27
Jeffrey Bednar,Shincheon,2,5,13,79,92,36
Magan Schmeler,Shincheon,2,5,14,87,17,22
Booker Armstrong,Shincheon,2,5,15,1,12,71
Yukiko Skiles,Shincheon,2,5,16,36,62,74
Malik Gusikowski,Shincheon,2,5,17,27,96,51
Elwanda Borer DVM,Shincheon,2,5,18,52,56,5
Miss Donnette Nader,Shincheon,2,5,19,29,67,51
Tegan Green,Shincheon,2,5,20,69,5,80
Ms. Beata Walsh,Shincheon,2,5,21,86,38,60
Dr. Bob Hayes,Shincheon,2,5,22,42,54,0
Mr. Willian Grant,Shincheon,2,5,23,30,52,21
Rafaela Medhurst,Shincheon,2,5,24,88,47,38
Ashley Maggio Jr.,Shincheon,2,5,25,12,87,23
Lacresha Stanton,Shincheon,2,5,26,38,22,48
Marcelino Hoppe,Shincheon,2,5,27,94,66,24
Nanette Russel,Shincheon,2,5,28,7,59,68
Buford Witting,Shincheon,2,5,29,17,28,69
Sachiko Olson,Shincheon,2,5,30,34,86,27
Herta Kris,Shincheon,3,1,1,12,99,4
Allan Douglas IV,Shincheon,3,1,2,86,73,44
Concha Pouros,Shincheon,3,1,3,55,31,20
Claretha Morissette,Shincheon,3,1,4,3,14,35
Garnett Lakin,Shincheon,3,1,5,20,86,94
Lela Farrell,Shincheon,3,1,6,20,95,89
Mrs. Jerry Hoeger,Shincheon,3,1,7,78,58,50
Laurine Spinka,Shincheon,3,1,8,4,95,27
Milly Konopelski,Shincheon,3,1,9,65,60,94
Donn Wiegand,Shincheon,3,1,10,92,3,15
Clark Trantow,Shincheon,3,1,11,15,78,45
Justin Simonis,Shincheon,3,1,12,12,35,92
Mr. Larue Keeling,Shincheon,3,1,13,57,55,87
Brandee Haley,Shincheon,3,1,14,75,50,14
Owen Douglas,Shincheon,3,1,15,44,80,31
Eddy McGlynn,Shincheon,3,1,16,21,19,59
Yong Hand III,Shincheon,3,1,17,35,61,47
Tamala Bergnaum PhD,Shincheon,3,1,18,90,27,23
Mr. Rashad Friesen,Shincheon,3,1,19,4,44,44
Dr. Ranee Pagac,Shincheon,3,1,20,31,5,44
Timika Conroy,Shincheon,3,1,21,94,55,42
Noe Streich,Shincheon,3,1,22,5,52,77
India Rogahn,Shincheon,3,1,23,82,54,86
Edwina Prohaska Jr.,Shincheon,3,1,24,27,3,33
Luise Boyle,Shincheon,3,1,25,23,5,18
Ms. Demetrius Farrell,Shincheon,3,1,26,92,20,75
Monty Maggio MD,Shincheon,3,1,27,89,52,53
Enrique Ratke,Shincheon,3,1,28,93,76,86
Pat Kirlin,Shincheon,3,1,29,0,78,21
Abdul Dietrich,Shincheon,3,1,30,82,23,58
Marcel Reilly,Shincheon,3,2,1,16,99,42
Robt Schowalter IV,Shincheon,3,2,2,86,49,11
Norman Mayert,Shincheon,3,2,3,72,0,20
Irvin D'Amore,Shincheon,3,2,4,55,11,24
Clarissa O'Kon,Shincheon,3,2,5,10,84,43
Enid Tremblay IV,Shincheon,3,2,6,26,34,89
Blanca Torphy,Shincheon,3,2,7,36,61,3
Eleanora Mohr,Shincheon,3,2,8,54,60,84
Emmanuel McGlynn I,Shincheon,3,2,9,75,88,71
Lourdes Bahringer,Shincheon,3,2,10,41,62,6
Milagro Harber PhD,Shincheon,3,2,11,88,48,91
Wilson Rippin DDS,Shincheon,3,2,12,98,73,12
Fidela Boyer,Shincheon,3,2,13,89,55,20
Francisco Mante,Shincheon,3,2,14,6,35,97
Eddie Lakin,Shincheon,3,2,15,30,11,61
Neville Waters V,Shincheon,3,2,16,2,20,88
Antonia Mertz,Shincheon,3,2,17,26,53,21
Joesph Weimann,Shincheon,3,2,18,38,21,2
Palmer Klein,Shincheon,3,2,19,91,37,41
Miss Imogene Schroeder,Shincheon,3,2,20,96,44,78
Howard O'Keefe,Shincheon,3,2,21,94,5,34
Mrs. Joe Volkman,Shincheon,3,2,22,57,69,79
Myron Bergnaum V,Shincheon,3,2,23,44,89,23
Mr. Johnny Nienow,Shincheon,3,2,24,18,15,32
Jannette Wilderman,Shincheon,3,2,25,64,63,42
Sabina O'Conner,Shincheon,3,2,26,0,76,72
Marquitta Ebert,Shincheon,3,2,27,74,90,24
Calista Kautzer,Shincheon,3,2,28,96,62,6
Karan Stehr III,Shincheon,3,2,29,78,22,8
Dr. Glenn Reynolds,Shincheon,3,2,30,72,22,56
Inga Lockman,Shincheon,3,3,1,71,13,79
Curtis Doyle II,Shincheon,3,3,2,23,34,36
Santo Larkin I,Shincheon,3,3,3,64,83,59
Edison Reilly II,Shincheon,3,3,4,75,42,27
Rueben Schaefer,Shincheon,3,3,5,64,66,41
Abdul Ullrich,Shincheon,3,3,6,11,59,69
Franklin Mayer,Shincheon,3,3,7,33,61,79
Lulu Olson,Shincheon,3,3,8,55,50,6
Joshua Mohr V,Shincheon,3,3,9,92,39,29
Woodrow Waters,Shincheon,3,3,10,80,65,58
Yer Torphy MD,Shincheon,3,3,11,79,30,17
Nathanael Halvorson,Shincheon,3,3,12,13,86,43
Ariel Gerlach,Shincheon,3,3,13,92,91,10
Tyrone Collins DVM,Shincheon,3,3,14,98,16,43
Mr. Chung Pouros,Shincheon,3,3,15,9,8,19
Brenton Kunde,Shincheon,3,3,16,46,20,70
Barton Beahan,Shincheon,3,3,17,52,50,34
Alvina Barton Sr.,Shincheon,3,3,18,61,12,74
Riley Rice,Shincheon,3,3,19,80,75,47
Maddie Bauch,Shincheon,3,3,20,30,91,72
Lanny Marquardt III,Shincheon,3,3,21,70,6,63
Lindsay Kassulke IV,Shincheon,3,3,22,17,92,34
Trula Walter,Shincheon,3,3,23,50,13,23
Korey Luettgen,Shincheon,3,3,24,17,16,64
Stefan Mills PhD,Shincheon,3,3,25,79,75,52
Bridgette Streich,Shincheon,3,3,26,58,50,75
Charley Halvorson,Shincheon,3,3,27,22,2,98
Gary West PhD,Shincheon,3,3,28,21,73,0
Sid Pacocha,Shincheon,3,3,29,88,90,4
Ali Rodriguez,Shincheon,3,3,30,52,78,16
Ricardo Leannon V,Shincheon,3,4,1,2,13,2
Winston Hickle,Shincheon,3,4,2,44,16,9
Wesley Mohr,Shincheon,3,4,3,28,88,68
Estela Kozey,Shincheon,3,4,4,58,83,37
Tamar Walsh,Shincheon,3,4,5,23,48,74
Hung Gaylord,Shincheon,3,4,6,75,24,74
Rusty Langosh,Shincheon,3,4,7,48,35,18
Caitlin Dietrich Jr.,Shincheon,3,4,8,44,19,69
Loris Ledner,Shincheon,3,4,9,32,43,53
Joette Emard,Shincheon,3,4,10,62,61,76
Eugenio Schaefer DVM,Shincheon,3,4,11,46,41,69
Miles O'Reilly,Shincheon,3,4,12,83,46,78
Drucilla Harris,Shincheon,3,4,13,95,62,0
Terry Hermiston,Shincheon,3,4,14,61,36,46
Dr. Rubin Wolf,Shincheon,3,4,15,43,87,42
Elwood Fisher DVM,Shincheon,3,4,16,39,20,31
Barney West,Shincheon,3,4,17,61,9,72
Agustin Fritsch Jr.,Shincheon,3,4,18,78,45,38
Jesica Stoltenberg,Shincheon,3,4,19,52,13,64
Mr. Raphael Sawayn,Shincheon,3,4,20,92,94,76
Lilia Boehm,Shincheon,3,4,21,53,32,37
Duncan Schimmel II,Shincheon,3,4,22,83,96,1
Alyssa McClure,Shincheon,3,4,23,51,17,32
Lashay Wintheiser,Shincheon,3,4,24,95,78,42
Stuart Zemlak,Shincheon,3,4,25,60,56,62
Johnie Miller,Shincheon,3,4,26,7,71,35
Mr. Arleen Crooks,Shincheon,3,4,27,88,64,67
Chae Blick I,Shincheon,3,4,28,98,78,55
Ashely Kuhlman,Shincheon,3,4,29,52,1,76
Lane Jacobi,Shincheon,3,4,30,47,67,24
Claude Wintheiser IV,Shincheon,3,5,1,13,35,59
Vincenzo Mills,Shincheon,3,5,2,13,55,99
Jonelle Sporer,Shincheon,3,5,3,3,10,25
Noah Feest,Shincheon,3,5,4,15,23,42
Rueben Jacobson,Shincheon,3,5,5,19,28,8
Shirl Mohr,Shincheon,3,5,6,24,60,28
Pasquale Beier MD,Shincheon,3,5,7,9,93,39
Gaylord Anderson,Shincheon,3,5,8,94,66,83
Amee West,Shincheon,3,5,9,57,67,42
Amparo Kovacek,Shincheon,3,5,10,36,58,71
Eugene Jast,Shincheon,3,5,11,11,18,72
Mitchell Ullrich DVM,Shincheon,3,5,12,27,81,51
Marth Parker III,Shincheon,3,5,13,11,93,89
Miss Nancee Wuckert,Shincheon,3,5,14,95,2,27
Rhett Gleason,Shincheon,3,5,15,40,61,1
Mr. Ocie Schneider,Shincheon,3,5,16,86,65,51
Ms. Kai Grant,Shincheon,3,5,17,5,26,54
Courtney Larson,Shincheon,3,5,18,90,31,1
Carmine Parisian,Shincheon,3,5,19,72,29,2
Vicente O'Keefe,Shincheon,3,5,20,24,39,96
Heath Hills,Shincheon,3,5,21,36,40,72
Jani Reichel,Shincheon,3,5,22,89,52,85
Dick Huel,Shincheon,3,5,23,88,56,45
Roman Farrell,Shincheon,3,5,24,29,19,10
Rodolfo MacGyver,Shincheon,3,5,25,19,20,59
Griselda Gleichner,Shincheon,3,5,26,84,98,75
Ena Larson,Shincheon,3,5,27,81,0,13
Asa Schmitt,Shincheon,3,5,28,83,54,4
Clayton Purdy Sr.,Shincheon,3,5,29,10,51,31
Mr. Kenny Cassin,Shincheon,3,5,30,10,42,61
Mrs. Isabella Hahn,Sorae,1,1,1,68,33,84
Rodney Keeling DDS,Sorae,1,1,2,43,33,57
Mel Block,Sorae,1,1,3,48,28,77
Willian Muller,Sorae,1,1,4,51,55,28
Jerrell Medhurst PhD,Sorae,1,1,5,97,83,17
Tequila Ryan,Sorae,1,1,6,21,44,26
Fred Wolf,Sorae,1,1,7,13,27,64
Kimberlie Treutel III,Sorae,1,1,8,72,59,6
Mrs. Coy Jones,Sorae,1,1,9,71,3,29
Miss Ashley Reynolds,Sorae,1,1,10,67,13,61
Dona Schmidt,Sorae,1,1,11,14,34,25
Carter Waelchi,Sorae,1,1,12,85,52,22
Mrs. Galen Steuber,Sorae,1,1,13,47,37,43
Mrs. Edmund Wilkinson,Sorae,1,1,14,76,5,42
Al Jacobi,Sorae,1,1,15,60,81,90
Luciano Klein,Sorae,1,1,16,8,55,84
Quyen Morissette,Sorae,1,1,17,84,47,26
Mack Dicki,Sorae,1,1,18,62,77,19
Kiley Predovic,Sorae,1,1,19,82,60,28
Sydney Bailey Jr.,Sorae,1,1,20,6,65,64
Dr. Gary Hickle,Sorae,1,1,21,37,15,78
Miss Senaida Wisoky,Sorae,1,1,22,83,87,25
Tiffanie Prohaska I,Sorae,1,1,23,84,24,49
Erline Boyer,Sorae,1,1,24,5,4,89
Garfield VonRueden,Sorae,1,1,25,68,95,23
Jimmie Fisher,Sorae,1,1,26,49,44,26
Otto Gottlieb,Sorae,1,1,27,77,99,49
Corrina Pfannerstill,Sorae,1,1,28,47,12,16
Mae Farrell III,Sorae,1,1,29,70,68,77
Don Pouros,Sorae,1,1,30,86,87,73
Kenneth Schmeler,Sorae,1,2,1,69,1,19
Theo Baumbach I,Sorae,1,2,2,35,24,25
Joey Schultz Jr.,Sorae,1,2,3,25,35,15
Alonzo Conroy,Sorae,1,2,4,65,93,87
Ms. Major Carroll,Sorae,1,2,5,75,68,3
Merrill Olson,Sorae,1,2,6,87,18,59
Ivan Rogahn,Sorae,1,2,7,72,37,59
Luna Kuhic DDS,Sorae,1,2,8,94,94,46
Randy Dooley,Sorae,1,2,9,28,38,13
Carman Hintz,Sorae,1,2,10,88,11,94
Sherwood McKenzie,Sorae,1,2,11,32,1,8
Leonard Kling Jr.,Sorae,1,2,12,80,20,25
Angelena Rogahn,Sorae,1,2,13,39,31,8
Wilson Stamm,Sorae,1,2,14,51,93,12
Nestor Boehm,Sorae,1,2,15,95,59,38
Dave Bauch,Sorae,1,2,16,47,28,22
Yesenia Kilback,Sorae,1,2,17,22,53,96
Garth Hansen,Sorae,1,2,18,40,17,67
Farrah Steuber DDS,Sorae,1,2,19,13,96,98
Ursula Keeling,Sorae,1,2,20,26,77,2
Lizabeth Keebler,Sorae,1,2,21,40,69,74
Oscar Parisian IV,Sorae,1,2,22,32,70,95
Marylyn Boyle,Sorae,1,2,23,36,22,46
Kareem Brekke,Sorae,1,2,24,40,49,62
Dr. Janetta Kerluke,Sorae,1,2,25,56,80,53
Dierdre Barton,Sorae,1,2,26,43,17,28
Mr. Jamel McLaughlin,Sorae,1,2,27,53,82,55
Tangela Keeling IV,Sorae,1,2,28,66,48,54
Rea Shanahan,Sorae,1,2,29,39,53,96
Reuben Cole,Sorae,1,2,30,34,36,27
Noemi Ziemann,Sorae,1,3,1,40,37,3
Blair Larkin V,Sorae,1,3,2,29,26,65
Dagny Fahey,Sorae,1,3,3,71,13,58
Dian Jaskolski,Sorae,1,3,4,83,22,3
Chet Ritchie,Sorae,1,3,5,99,9,30
Jonah Grady,Sorae,1,3,6,11,80,49
Drew Runolfsson,Sorae,1,3,7,78,28,45
Hugh Senger,Sorae,1,3,8,16,99,63
Tim Aufderhar,Sorae,1,3,9,16,93,9
Walter McKenzie,Sorae,1,3,10,36,44,13
Mr. Burt Sauer,Sorae,1,3,11,22,27,51
Spencer Hackett PhD,Sorae,1,3,12,11,97,59
Ms. Lashanda Batz,Sorae,1,3,13,95,37,53
Marietta Hammes,Sorae,1,3,14,61,48,93
Keenan Stehr,Sorae,1,3,15,47,45,99
Gail Kerluke,Sorae,1,3,16,58,65,15
Clinton Runte,Sorae,1,3,17,99,64,73
Alyson White,Sorae,1,3,18,21,18,30
Hilton O'Hara I,Sorae,1,3,19,70,82,59
Aldo Kuphal,Sorae,1,3,20,75,46,28
Angelika Monahan,Sorae,1,3,21,0,12,68
Ryan Adams,Sorae,1,3,22,97,29,27
Leopoldo Conroy,Sorae,1,3,23,55,33,55
Ferdinand Howell,Sorae,1,3,24,63,67,40
Mrs. Rolf Kulas,Sorae,1,3,25,46,88,37
Son Kirlin,Sorae,1,3,26,24,21,93
Joye Rippin PhD,Sorae,1,3,27,45,21,17
Lilliam Padberg,Sorae,1,3,28,11,30,93
Lynn Koch V,Sorae,1,3,29,38,74,87
Keenan Bogan,Sorae,1,3,30,87,75,5
Mr. Lucrecia Johns,Sorae,1,4,1,15,32,29
Josh Adams,Sorae,1,4,2,98,49,41
Shawn Crist,Sorae,1,4,3,61,86,87
Jona Vandervort,Sorae,1,4,4,49,84,90
Miss Fatima DuBuque,Sorae,1,4,5,86,50,4
Kip Maggio,Sorae,1,4,6,11,20,76
Michael Armstrong,Sorae,1,4,7,42,29,18
Love Flatley,Sorae,1,4,8,71,51,46
Mrs. Arlena Dibbert,Sorae,1,4,9,77,46,16
Alfred Shanahan,Sorae,1,4,10,43,59,11
Makeda Anderson,Sorae,1,4,11,70,51,46
Glen Schroeder,Sorae,1,4,12,75,33,18
Mr. Ofelia Daniel,Sorae,1,4,13,96,12,45
Sung Hamill,Sorae,1,4,14,86,45,49
Elma Kertzmann,Sorae,1,4,15,57,31,76
Alethia Padberg,Sorae,1,4,16,71,31,25
Mckinley Lind,Sorae,1,4,17,49,24,78
Shannon Legros,Sorae,1,4,18,34,63,47
Burt Harber I,Sorae,1,4,19,62,76,46
Mr. Romeo Howell,Sorae,1,4,20,13,78,92
Gertude Stark V,Sorae,1,4,21,89,76,91
Michaela Kuhn,Sorae,1,4,22,49,8,53
Mica Zieme,Sorae,1,4,23,19,49,72
Mr. Truman Morar,Sorae,1,4,24,74,45,10
Nettie Hansen,Sorae,1,4,25,37,26,21
Phillip Hauck,Sorae,1,4,26,90,44,83
Rod Ullrich,Sorae,1,4,27,43,0,80
Tristan Heaney,Sorae,1,4,28,62,66,15
Dallas Swaniawski,Sorae,1,4,29,45,30,1
Otha Labadie,Sorae,1,4,30,32,82,42
Cherie Maggio,Sorae,1,5,1,95,80,90
Harris Bernier,Sorae,1,5,2,43,17,9
Lakeshia Huel IV,Sorae,1,5,3,63,88,58
Galina Prohaska,Sorae,1,5,4,59,19,43
Wyatt Ratke,Sorae,1,5,5,43,45,44
Mrs. German Balistreri,Sorae,1,5,6,49,40,7
Hans Grimes,Sorae,1,5,7,62,68,19
Mitchell Grimes,Sorae,1,5,8,52,74,62
Ms. Devin Anderson,Sorae,1,5,9,27,89,16
Refugio Herman,Sorae,1,5,10,40,34,56
Aurelia Bailey,Sorae,1,5,11,46,13,58
Thomasina Kihn PhD,Sorae,1,5,12,94,22,2
Whitney Gottlieb,Sorae,1,5,13,12,10,99
Dustin Nolan,Sorae,1,5,14,25,21,29
Denny Thiel,Sorae,1,5,15,34,68,68
Leopoldo Hauck,Sorae,1,5,16,89,15,80
Renda Wolf,Sorae,1,5,17,33,58,68
Mike Block,Sorae,1,5,18,78,31,83
Elina Boehm,Sorae,1,5,19,38,12,89
Keila Funk,Sorae,1,5,20,21,76,93
Anika Schuster,Sorae,1,5,21,50,64,71
Halina McClure,Sorae,1,5,22,44,18,62
Ahmed Rolfson,Sorae,1,5,23,71,30,59
Mrs. Sabra Kunze,Sorae,1,5,24,36,33,13
Nathan Beatty,Sorae,1,5,25,27,17,34
Carolyn Jast,Sorae,1,5,26,66,12,91
Mr. Viola Bednar,Sorae,1,5,27,2,38,4
Dewayne Hermann V,Sorae,1,5,28,37,97,31
Arlene Herman,Sorae,1,5,29,80,22,69
Hal Abernathy II,Sorae,1,5,30,51,56,61
Kelly Leffler,Sorae,2,1,1,0,37,35
Dr. Franklin Lubowitz,Sorae,2,1,2,5,69,41
Trista Block,Sorae,2,1,3,6,49,51
Gearldine Toy,Sorae,2,1,4,11,70,8
Tam Friesen,Sorae,2,1,5,14,77,73
Jule Mayert,Sorae,2,1,6,90,30,15
Mrs. Alisa Effertz,Sorae,2,1,7,1,98,45
Jeremiah Kovacek,Sorae,2,1,8,47,10,84
Kizzie Windler,Sorae,2,1,9,15,22,82
Gregorio Little,Sorae,2,1,10,73,82,21
Lewis Willms,Sorae,2,1,11,95,88,17
Taneka Farrell,Sorae,2,1,12,51,15,48
Ms. Vannessa Renner,Sorae,2,1,13,77,94,53
Gertrudis Lubowitz,Sorae,2,1,14,13,22,45
Dr. Ellsworth Jaskolski,Sorae,2,1,15,85,58,47
Oda Konopelski,Sorae,2,1,16,34,83,91
Julissa Lindgren,Sorae,2,1,17,62,7,66
Eugene Fahey,Sorae,2,1,18,10,38,6
Curt Pacocha,Sorae,2,1,19,85,0,68
Leonie Schmeler,Sorae,2,1,20,24,52,33
Melony Boehm Jr.,Sorae,2,1,21,95,34,74
Brande Hackett,Sorae,2,1,22,76,48,40
Dr. Chas Ankunding,Sorae,2,1,23,49,17,58
Marquetta Lehner,Sorae,2,1,24,43,2,86
Mrs. Emery Turcotte,Sorae,2,1,25,67,15,86
Willie Corwin,Sorae,2,1,26,88,12,80
Ms. Shakira Green,Sorae,2,1,27,14,6,14
Gerardo Feest,Sorae,2,1,28,2,39,70
Wilburn Gutkowski,Sorae,2,1,29,31,53,64
Cecilia Jakubowski Jr.,Sorae,2,1,30,86,85,97
Darron Kovacek,Sorae,2,2,1,54,28,36
Mack Kulas,Sorae,2,2,2,75,5,35
Miss Renita Cormier,Sorae,2,2,3,94,36,38
Cherilyn Jacobi,Sorae,2,2,4,37,32,1
Micaela Bayer,Sorae,2,2,5,54,33,25
Ms. Refugio Sipes,Sorae,2,2,6,34,71,59
Efrain Rolfson,Sorae,2,2,7,45,42,82
Loretta Zulauf,Sorae,2,2,8,25,85,30
Silva Lindgren Sr.,Sorae,2,2,9,26,34,65
Rose Wyman,Sorae,2,2,10,80,83,99
Miss Warren Swift,Sorae,2,2,11,83,29,42
Denver Cassin,Sorae,2,2,12,97,22,77
Devona Tillman,Sorae,2,2,13,74,11,8
Jan Lynch,Sorae,2,2,14,88,81,27
Mr. Werner Schroeder,Sorae,2,2,15,95,23,46
Lawerence Davis,Sorae,2,2,16,47,74,60
Nena Hansen,Sorae,2,2,17,26,52,52
Janae Windler,Sorae,2,2,18,63,59,53
Tia Vandervort,Sorae,2,2,19,16,47,21
Shonna Braun,Sorae,2,2,20,75,67,19
Lino Bartell,Sorae,2,2,21,59,23,18
Will Lynch,Sorae,2,2,22,35,9,15
Peter Barrows,Sorae,2,2,23,11,96,0
Sylvester Bernhard,Sorae,2,2,24,70,84,61
Particia Renner,Sorae,2,2,25,83,81,75
Celina Mante Jr.,Sorae,2,2,26,1,94,6
Clair Stehr,Sorae,2,2,27,58,26,95
Jeffery Jones,Sorae,2,2,28,92,91,64
Damian Schmidt MD,Sorae,2,2,29,25,77,43
Demarcus Doyle,Sorae,2,2,30,82,61,57
Derrick Green I,Sorae,2,3,1,74,72,7
Lavon Wuckert,Sorae,2,3,2,68,95,65
Ronnie Emmerich,Sorae,2,3,3,89,86,68
Kendall Zboncak,Sorae,2,3,4,73,44,93
Barton Ritchie,Sorae,2,3,5,54,17,97
Cheryl Bradtke,Sorae,2,3,6,12,38,82
Joan Barton,Sorae,2,3,7,37,56,82
Mr. Rosana Schoen,Sorae,2,3,8,57,87,43
Quiana Pfannerstill,Sorae,2,3,9,33,24,81
Velva Howell,Sorae,2,3,10,10,0,98
Miss Kathlene DuBuque,Sorae,2,3,11,73,17,80
Ardelle Kessler,Sorae,2,3,12,21,13,62
Jefferson Koepp,Sorae,2,3,13,2,48,33
Young Bauch,Sorae,2,3,14,99,65,59
Sang Collins,Sorae,2,3,15,28,85,65
Charmaine Quigley,Sorae,2,3,16,10,61,49
Wendolyn Metz,Sorae,2,3,17,95,70,9
Dagmar Parisian,Sorae,2,3,18,82,4,65
Allena Hagenes,Sorae,2,3,19,29,28,48
Sherell Stokes,Sorae,2,3,20,41,58,48
Regena Friesen,Sorae,2,3,21,9,49,68
Edwardo Ferry DVM,Sorae,2,3,22,89,97,24
Leanna Kreiger,Sorae,2,3,23,2,43,33
Verena Runte,Sorae,2,3,24,28,9,67
Dr. Heriberto Oberbrunner,Sorae,2,3,25,38,73,92
Pandora Bechtelar,Sorae,2,3,26,64,28,2
Israel Fisher,Sorae,2,3,27,93,66,74
Cecille Stanton,Sorae,2,3,28,99,7,55
Frederick Mann DDS,Sorae,2,3,29,73,14,7
Michaele Wolf,Sorae,2,3,30,63,90,26
Reed Huels II,Sorae,2,4,1,29,61,97
Willy Runolfsdottir,Sorae,2,4,2,4,90,25
Miss Trevor Bashirian,Sorae,2,4,3,61,48,88
Jewel Hettinger DVM,Sorae,2,4,4,79,63,90
Denisha Huel,Sorae,2,4,5,84,55,91
Carlos McKenzie PhD,Sorae,2,4,6,97,34,11
Dorthy Stark,Sorae,2,4,7,58,13,95
Carlie Stokes,Sorae,2,4,8,37,32,94
Esmeralda Bergnaum,Sorae,2,4,9,86,23,89
Rosendo Aufderhar,Sorae,2,4,10,42,54,78
Mrs. Tamisha Rosenbaum,Sorae,2,4,11,77,45,98
Wesley Ledner,Sorae,2,4,12,34,96,96
Jennette Cormier,Sorae,2,4,13,46,64,43
Rosenda Satterfield,Sorae,2,4,14,9,65,44
Eloy Lind Jr.,Sorae,2,4,15,55,70,52
Afton Hodkiewicz Sr.,Sorae,2,4,16,62,46,67
Jonathon Mann,Sorae,2,4,17,76,77,6
Lila Jones V,Sorae,2,4,18,40,77,24
Gabriela Schamberger,Sorae,2,4,19,61,81,89
Simon Marquardt,Sorae,2,4,20,40,15,71
Teena Schroeder,Sorae,2,4,21,44,21,15
Rudolf Johnston,Sorae,2,4,22,18,93,79
Terrell Weimann,Sorae,2,4,23,83,89,21
Devon Koelpin,Sorae,2,4,24,85,6,20
Rick Ondricka,Sorae,2,4,25,2,93,4
Nelida Renner,Sorae,2,4,26,32,91,17
Cathleen Legros,Sorae,2,4,27,44,67,33
Hung Yost,Sorae,2,4,28,3,77,14
Beatriz Lehner,Sorae,2,4,29,24,43,89
Monica Labadie,Sorae,2,4,30,95,91,39
Alverta Hartmann,Sorae,2,5,1,73,25,44
Genevieve Bernhard,Sorae,2,5,2,79,73,85
Oda Rath V,Sorae,2,5,3,53,55,2
Reggie Mosciski,Sorae,2,5,4,12,77,88
Loan Jaskolski,Sorae,2,5,5,67,57,88
Mr. Vance Schneider,Sorae,2,5,6,16,34,33
Yun Kris,Sorae,2,5,7,94,30,11
Rolf Kihn,Sorae,2,5,8,74,18,56
Kecia Shanahan,Sorae,2,5,9,89,35,11
Demetrice Bartoletti,Sorae,2,5,10,53,6,32
Dr. Marvin Corkery,Sorae,2,5,11,57,52,72
Barrett Homenick,Sorae,2,5,12,41,3,32
Winter Bernhard,Sorae,2,5,13,76,45,32
Miss Lorene Powlowski,Sorae,2,5,14,50,19,80
Fae Parker,Sorae,2,5,15,62,38,83
Mr. Crystle Schneider,Sorae,2,5,16,72,39,44
Trudie Stoltenberg,Sorae,2,5,17,50,95,40
Clarine Collins,Sorae,2,5,18,69,89,83
Michaele Bahringer,Sorae,2,5,19,13,24,90
Williams Bernier PhD,Sorae,2,5,20,26,82,85
Joshua Tremblay,Sorae,2,5,21,38,17,66
Hermine Kuphal,Sorae,2,5,22,9,71,85
Quintin Nader,Sorae,2,5,23,36,86,28
Giuseppina Corwin,Sorae,2,5,24,0,77,18
Karleen Barton,Sorae,2,5,25,19,61,44
Marianela Donnelly Jr.,Sorae,2,5,26,53,84,9
Aurore Johnston Jr.,Sorae,2,5,27,59,17,34
Normand Reynolds,Sorae,2,5,28,81,99,22
Erwin Willms,Sorae,2,5,29,56,35,43
Gina McLaughlin,Sorae,2,5,30,24,89,64
Nenita Kassulke,Sorae,3,1,1,38,99,16
Martin Anderson,Sorae,3,1,2,98,11,21
Mitsue Stanton,Sorae,3,1,3,50,48,38
Mr. Randy Von,Sorae,3,1,4,88,44,32
Carmen Skiles,Sorae,3,1,5,68,27,83
Nick Torphy,Sorae,3,1,6,8,73,86
Willie Reilly,Sorae,3,1,7,95,99,61
Eugenio Heaney,Sorae,3,1,8,72,33,29
Chantal Conroy I,Sorae,3,1,9,87,4,67
Karin Bartoletti,Sorae,3,1,10,79,60,39
Erwin Padberg,Sorae,3,1,11,11,35,25
Mariano Koss,Sorae,3,1,12,52,94,3
Mr. Dannielle Ward,Sorae,3,1,13,94,21,66
Yajaira Watsica,Sorae,3,1,14,29,47,83
Antonia Rempel,Sorae,3,1,15,38,17,12
Dr. Norine Waters,Sorae,3,1,16,81,3,12
Roger Champlin MD,Sorae,3,1,17,23,43,16
Dr. Adrian Boyle,Sorae,3,1,18,62,50,73
Cora Walsh,Sorae,3,1,19,9,22,96
Donnie Hackett,Sorae,3,1,20,2,15,9
Brendon Marquardt,Sorae,3,1,21,31,57,24
Chas Rempel,Sorae,3,1,22,93,22,49
Conrad Murphy,Sorae,3,1,23,60,18,5
Leandra Leffler PhD,Sorae,3,1,24,6,20,68
Lloyd Heller,Sorae,3,1,25,93,70,67
Ms. Elroy Hessel,Sorae,3,1,26,72,77,21
Mamie Bashirian I,Sorae,3,1,27,50,21,92
Geri Howell,Sorae,3,1,28,1,95,3
Stanley Mayer,Sorae,3,1,29,93,33,45
Fredric Tremblay DVM,Sorae,3,1,30,33,84,21
Clair Mosciski,Sorae,3,2,1,83,4,61
Luis Goldner,Sorae,3,2,2,92,41,52
Ms. Jae Corwin,Sorae,3,2,3,62,72,65
Ms. Denise Ruecker,Sorae,3,2,4,51,53,43
Shawn Marvin,Sorae,3,2,5,91,18,33
Dr. Sigrid Hintz,Sorae,3,2,6,64,93,8
Inell Rodriguez Sr.,Sorae,3,2,7,21,58,90
Travis Hirthe,Sorae,3,2,8,19,71,82
Morton Howe DDS,Sorae,3,2,9,96,12,72
Faustino Ortiz MD,Sorae,3,2,10,27,17,68
Florrie Jacobi V,Sorae,3,2,11,62,20,7
Cyrus Haag II,Sorae,3,2,12,79,1,69
Barry Beer,Sorae,3,2,13,18,87,71
Hannelore Stoltenberg,Sorae,3,2,14,78,9,59
John Mann,Sorae,3,2,15,3,4,91
Brett Farrell,Sorae,3,2,16,89,23,80
Jody Turner,Sorae,3,2,17,84,52,16
Tamra Spinka I,Sorae,3,2,18,8,33,52
Adrian Wuckert Sr.,Sorae,3,2,19,76,96,49
Tawna Schuppe,Sorae,3,2,20,25,16,80
Julian Stokes,Sorae,3,2,21,19,69,98
Leonel Cummings DVM,Sorae,3,2,22,95,8,14
Mr. Humberto Weimann,Sorae,3,2,23,24,64,85
Donetta Gerlach,Sorae,3,2,24,62,46,35
Paulita Leffler PhD,Sorae,3,2,25,18,11,59
Marco Corwin,Sorae,3,2,26,52,39,76
Joella Runolfsdottir,Sorae,3,2,27,41,84,25
Janie Kilback,Sorae,3,2,28,68,29,36
Walton Bechtelar,Sorae,3,2,29,69,46,30
Vince Reichel,Sorae,3,2,30,21,38,43
Lizabeth Runte PhD,Sorae,3,3,1,12,78,3
Marc Maggio,Sorae,3,3,2,70,39,61
Dusty Nicolas Jr.,Sorae,3,3,3,8,23,18
Chaya Robel,Sorae,3,3,4,26,31,75
Mr. Doreen Padberg,Sorae,3,3,5,50,97,96
Zella Hartmann,Sorae,3,3,6,65,94,16
Mr. Alvaro Bosco,Sorae,3,3,7,61,25,18
Jess Kutch,Sorae,3,3,8,83,49,83
Stacee Breitenberg,Sorae,3,3,9,6,21,72
Tynisha Carter,Sorae,3,3,10,0,2,29
Santos Wolff,Sorae,3,3,11,25,98,23
Tommy Daugherty,Sorae,3,3,12,52,65,80
Darrick Leffler,Sorae,3,3,13,85,23,95
Barton Von V,Sorae,3,3,14,42,85,18
Deena Simonis,Sorae,3,3,15,2,38,22
Arnulfo Sanford,Sorae,3,3,16,34,7,75
Horacio Kirlin,Sorae,3,3,17,3,35,50
Ora Wuckert,Sorae,3,3,18,71,5,76
Glendora Funk,Sorae,3,3,19,64,92,93
Serena Wilkinson,Sorae,3,3,20,40,96,52
Javier Glover Jr.,Sorae,3,3,21,21,40,86
Kate Koss,Sorae,3,3,22,27,89,84
Burton Heathcote,Sorae,3,3,23,50,11,69
Rey DuBuque,Sorae,3,3,24,4,25,13
Daniel Lynch,Sorae,3,3,25,62,58,91
Jeanene Stamm,Sorae,3,3,26,56,72,82
Patience Raynor,Sorae,3,3,27,21,43,35
Mr. Jody Mertz,Sorae,3,3,28,36,13,62
Jestine Herzog,Sorae,3,3,29,47,53,26
Dr. Adrien Gottlieb,Sorae,3,3,30,65,86,74
Fred Kuhn PhD,Sorae,3,4,1,15,89,58
Kacey Leannon Sr.,Sorae,3,4,2,16,31,21
Bryant O'Keefe,Sorae,3,4,3,77,61,15
Miss Emery Hansen,Sorae,3,4,4,28,19,54
Melynda Kovacek,Sorae,3,4,5,43,45,51
Ms. Alfredo Towne,Sorae,3,4,6,99,52,88
Francesco Sauer,Sorae,3,4,7,33,24,8
Breanne Wisoky DVM,Sorae,3,4,8,43,35,91
America Miller,Sorae,3,4,9,19,86,40
Oda Wehner,Sorae,3,4,10,52,65,4
Coleen Braun,Sorae,3,4,11,6,60,93
Evalyn Gusikowski,Sorae,3,4,12,5,54,49
Nicolas Schmidt,Sorae,3,4,13,70,39,86
Miss Blondell Parker,Sorae,3,4,14,0,17,52
Usha Leannon,Sorae,3,4,15,28,27,36
Georgia Tremblay,Sorae,3,4,16,80,44,13
Elfrieda Adams,Sorae,3,4,17,65,80,59
Mathew O'Kon Sr.,Sorae,3,4,18,32,21,82
Abel Kohler DVM,Sorae,3,4,19,9,86,70
Morgan Witting,Sorae,3,4,20,40,4,56
Burl Ondricka,Sorae,3,4,21,87,9,43
Rosetta Ratke PhD,Sorae,3,4,22,49,25,7
Trish Bins,Sorae,3,4,23,51,19,95
Nigel Metz PhD,Sorae,3,4,24,70,0,58
Mrs. Albertine Wyman,Sorae,3,4,25,59,98,89
Merle Okuneva,Sorae,3,4,26,67,64,9
Ms. Margarette Bayer,Sorae,3,4,27,11,28,74
Tracy Gutmann,Sorae,3,4,28,12,97,37
Trinity Hagenes,Sorae,3,4,29,98,8,56
Tracy Hickle,Sorae,3,4,30,10,56,14
Cristie Emard IV,Sorae,3,5,1,12,6,20
Mrs. Edwardo Corkery,Sorae,3,5,2,84,66,13
Debrah Lynch,Sorae,3,5,3,87,71,46
Ozie Davis,Sorae,3,5,4,33,91,25
Mrs. Gilberto Dare,Sorae,3,5,5,10,32,31
Cody Kautzer,Sorae,3,5,6,4,61,14
Darin Shanahan,Sorae,3,5,7,72,67,70
Mr. Zelda Wehner,Sorae,3,5,8,28,82,63
Quincy Ondricka,Sorae,3,5,9,63,63,83
Ms. Estell Blanda,Sorae,3,5,10,32,94,84
Sommer Krajcik DDS,Sorae,3,5,11,76,0,39
Cyrstal Wilderman,Sorae,3,5,12,77,97,88
Carmina Ruecker,Sorae,3,5,13,48,46,18
Kristal O'Reilly,Sorae,3,5,14,96,78,6
Oswaldo Kreiger,Sorae,3,5,15,30,68,37
Courtney Mayer,Sorae,3,5,16,70,12,86
Thomas Nienow,Sorae,3,5,17,37,39,39
Mrs. Nancy Hettinger,Sorae,3,5,18,31,35,64
Alfredo Langosh DVM,Sorae,3,5,19,80,80,45
Dr. Donte Dicki,Sorae,3,5,20,48,43,83
Mauricio Ledner,Sorae,3,5,21,56,45,61
Leo Mann,Sorae,3,5,22,76,64,46
Augustus Skiles,Sorae,3,5,23,14,46,96
Mrs. Eric Steuber,Sorae,3,5,24,77,59,95
Geraldo Kassulke,Sorae,3,5,25,79,56,90
Jerold Mraz,Sorae,3,5,26,68,3,37
Rosio Sipes,Sorae,3,5,27,41,82,10
Ms. Casie Senger,Sorae,3,5,28,74,22,78
Darell Nolan,Sorae,3,5,29,14,51,60
Ms. Zaida Volkman,Sorae,3,5,30,93,97,98
Pauletta Marks,Eunhaeng,1,1,1,82,88,8
Will Wuckert,Eunhaeng,1,1,2,19,96,10
Lera Corwin,Eunhaeng,1,1,3,75,83,51
Mr. Sherita Schiller,Eunhaeng,1,1,4,56,24,94
Keenan Schultz,Eunhaeng,1,1,5,36,23,88
Julianne Jaskolski,Eunhaeng,1,1,6,66,16,30
Mrs. Rodrick Steuber,Eunhaeng,1,1,7,53,59,63
Kenna Feeney,Eunhaeng,1,1,8,78,77,79
Nicholas Haley,Eunhaeng,1,1,9,5,70,58
Nguyet Kovacek,Eunhaeng,1,1,10,91,53,90
Chance Conroy,Eunhaeng,1,1,11,44,99,15
Theda Wisozk,Eunhaeng,1,1,12,24,67,24
Delbert Kuhlman,Eunhaeng,1,1,13,60,1,44
Clifton Kuhic,Eunhaeng,1,1,14,93,9,49
Izetta Hirthe,Eunhaeng,1,1,15,23,61,12
Loren King,Eunhaeng,1,1,16,18,69,4
Lida Hessel,Eunhaeng,1,1,17,12,98,8
Madaline Hansen I,Eunhaeng,1,1,18,59,32,76
Ms. Rosaline Purdy,Eunhaeng,1,1,19,66,53,69
Cornelia Goldner,Eunhaeng,1,1,20,2,30,6
Tory Bauch I,Eunhaeng,1,1,21,28,0,15
Gena Durgan,Eunhaeng,1,1,22,95,6,75
Aracely Krajcik,Eunhaeng,1,1,23,24,93,56
Dr. Nilsa Shanahan,Eunhaeng,1,1,24,78,7,35
Mrs. Geri Bashirian,Eunhaeng,1,1,25,60,67,96
Dr. Pat Fisher,Eunhaeng,1,1,26,6,6,78
Mona Miller,Eunhaeng,1,1,27,94,38,34
Carlton Goodwin,Eunhaeng,1,1,28,87,61,65
Sally Champlin,Eunhaeng,1,1,29,75,42,46
Crystle Haag,Eunhaeng,1,1,30,65,40,56
Georgene Shanahan,Eunhaeng,1,2,1,76,14,78
Mrs. Veta Schultz,Eunhaeng,1,2,2,19,65,86
Marlon Luettgen,Eunhaeng,1,2,3,15,20,42
Man Heller,Eunhaeng,1,2,4,28,75,55
Brandon Okuneva,Eunhaeng,1,2,5,25,3,77
Miss Martin D'Amore,Eunhaeng,1,2,6,61,23,69
German Bruen,Eunhaeng,1,2,7,25,14,73
Stephan Windler,Eunhaeng,1,2,8,55,86,0
Miss Nancie Kovacek,Eunhaeng,1,2,9,91,67,23
Lissette Senger,Eunhaeng,1,2,10,75,8,49
John Friesen,Eunhaeng,1,2,11,22,63,83
Chas Dicki,Eunhaeng,1,2,12,39,72,22
Mr. Issac Buckridge,Eunhaeng,1,2,13,96,43,77
Casandra Wyman,Eunhaeng,1,2,14,38,85,69
Clayton Gleason PhD,Eunhaeng,1,2,15,2,48,89
Hollie Mann,Eunhaeng,1,2,16,11,10,49
Alberto Nienow,Eunhaeng,1,2,17,97,3,72
Chet Jast DDS,Eunhaeng,1,2,18,78,58,87
Genie Cronin Jr.,Eunhaeng,1,2,19,48,79,76
Herta Koss III,Eunhaeng,1,2,20,52,61,20
Coretta Hudson,Eunhaeng,1,2,21,49,34,14
Kim Monahan,Eunhaeng,1,2,22,53,73,6
Erick Hyatt,Eunhaeng,1,2,23,27,67,42
Andy McKenzie,Eunhaeng,1,2,24,34,33,89
Mrs. Allen Kautzer,Eunhaeng,1,2,25,22,62,61
Loria Homenick,Eunhaeng,1,2,26,33,19,51
Micaela Kertzmann I,Eunhaeng,1,2,27,78,67,13
Paul Moore,Eunhaeng,1,2,28,2,35,30
Gilberto Kuhlman,Eunhaeng,1,2,29,1,21,54
Janina Kuhn,Eunhaeng,1,2,30,95,64,99
Elias Macejkovic,Eunhaeng,1,3,1,74,60,99
Rudolph Kessler,Eunhaeng,1,3,2,72,70,41
Louis O'Hara PhD,Eunhaeng,1,3,3,79,74,59
Sherril Schmeler I,Eunhaeng,1,3,4,87,1,95
Genoveva Von,Eunhaeng,1,3,5,0,64,68
Ramona Lowe,Eunhaeng,1,3,6,2,32,29
Lanie Gutkowski,Eunhaeng,1,3,7,0,68,31
Essie Zieme,Eunhaeng,1,3,8,10,84,91
Tracey Hintz,Eunhaeng,1,3,9,68,19,89
Sharell O'Conner,Eunhaeng,1,3,10,98,80,50
Jacquie Ferry,Eunhaeng,1,3,11,0,34,50
Arnold Stehr III,Eunhaeng,1,3,12,62,71,57
Elinore Blick,Eunhaeng,1,3,13,99,60,95
Nathanial Zemlak,Eunhaeng,1,3,14,1,63,29
Elly Rohan,Eunhaeng,1,3,15,13,90,83
Sydney Mohr,Eunhaeng,1,3,16,40,68,89
Cassi Kerluke I,Eunhaeng,1,3,17,41,85,58
Alana Bode,Eunhaeng,1,3,18,9,7,52
Alec Legros,Eunhaeng,1,3,19,74,48,5
Gilberto Goldner,Eunhaeng,1,3,20,71,4,22
Sharlene Oberbrunner,Eunhaeng,1,3,21,64,94,17
Gilbert Witting,Eunhaeng,1,3,22,68,96,10
Adrian Mills,Eunhaeng,1,3,23,31,52,25
Mr. Johnny Hayes,Eunhaeng,1,3,24,73,68,50
Soila Kovacek,Eunhaeng,1,3,25,17,48,9
Martina Aufderhar,Eunhaeng,1,3,26,47,35,73
Nilsa Sanford,Eunhaeng,1,3,27,38,20,78
Ken Morissette,Eunhaeng,1,3,28,8,47,28
Dr. Chara Collins,Eunhaeng,1,3,29,50,36,27
Mrs. Rosario Armstrong,Eunhaeng,1,3,30,38,23,94
Denver Champlin,Eunhaeng,1,4,1,10,76,48
Earle Feeney,Eunhaeng,1,4,2,89,19,1
Sadye Ernser,Eunhaeng,1,4,3,7,45,9
Dorothy Howe,Eunhaeng,1,4,4,58,83,41
Mr. Marissa Gusikowski,Eunhaeng,1,4,5,49,4,24
Dale Roob,Eunhaeng,1,4,6,0,41,79
Ernest Nikolaus II,Eunhaeng,1,4,7,37,61,59
Weldon Goodwin,Eunhaeng,1,4,8,19,87,1
Morris Klocko,Eunhaeng,1,4,9,42,78,66
Walton Medhurst II,Eunhaeng,1,4,10,66,16,97
Roland O'Keefe,Eunhaeng,1,4,11,84,9,90
Leroy Ledner,Eunhaeng,1,4,12,72,87,45
Maryetta Haag,Eunhaeng,1,4,13,71,61,24
Adolph VonRueden,Eunhaeng,1,4,14,5,48,92
Flavia Powlowski,Eunhaeng,1,4,15,31,15,2
Hilary Volkman II,Eunhaeng,1,4,16,3,26,33
Mrs. Rigoberto Rogahn,Eunhaeng,1,4,17,89,84,15
Graciela Schaden,Eunhaeng,1,4,18,4,79,77
Kristine Nolan,Eunhaeng,1,4,19,24,92,88
Andy Stehr,Eunhaeng,1,4,20,10,67,9
Lupe Hermann,Eunhaeng,1,4,21,88,32,41
Zelda Paucek,Eunhaeng,1,4,22,1,91,35
Glenn Boyle DDS,Eunhaeng,1,4,23,36,91,97
Lorina Stehr,Eunhaeng,1,4,24,80,12,94
Graham Lakin II,Eunhaeng,1,4,25,24,15,35
Malcom Romaguera DVM,Eunhaeng,1,4,26,5,38,60
Magaly Vandervort,Eunhaeng,1,4,27,70,17,89
William Collins,Eunhaeng,1,4,28,86,32,71
Mr. Lazaro Veum,Eunhaeng,1,4,29,2,85,13
Matt Simonis,Eunhaeng,1,4,30,64,57,77
Elwood Jerde,Eunhaeng,1,5,1,94,22,98
Claudio Keeling,Eunhaeng,1,5,2,13,87,25
Kristan Wisozk,Eunhaeng,1,5,3,41,51,41
Dr. Jared Bauch,Eunhaeng,1,5,4,62,59,78
Jeff Willms,Eunhaeng,1,5,5,37,73,54
Guy Lueilwitz,Eunhaeng,1,5,6,1,48,3
Traci Cole Jr.,Eunhaeng,1,5,7,95,26,19
Chara Howe,Eunhaeng,1,5,8,13,21,20
Loriann Stoltenberg,Eunhaeng,1,5,9,68,3,93
Tom Ratke,Eunhaeng,1,5,10,53,43,75
Alexandria Hermann,Eunhaeng,1,5,11,4,4,76
Joni Boehm,Eunhaeng,1,5,12,30,32,19
Lesley Hoppe,Eunhaeng,1,5,13,4,39,14
Nathan Goldner,Eunhaeng,1,5,14,3,82,45
Refugio Friesen IV,Eunhaeng,1,5,15,31,25,1
Doug Fadel I,Eunhaeng,1,5,16,69,19,1
Dr. Abel Kihn,Eunhaeng,1,5,17,71,53,58
Elden Rempel,Eunhaeng,1,5,18,74,3,16
Mrs. Zelda Mayert,Eunhaeng,1,5,19,96,43,80
Bettye Hyatt,Eunhaeng,1,5,20,14,57,66
Dannielle Schmeler,Eunhaeng,1,5,21,49,76,70
Miss Tawna Johnson,Eunhaeng,1,5,22,23,97,31
Gisele Borer,Eunhaeng,1,5,23,1,38,17
Dr. Ambrose Hackett,Eunhaeng,1,5,24,77,65,51
Hipolito Price,Eunhaeng,1,5,25,59,12,40
Mr. Nelida Koch,Eunhaeng,1,5,26,45,2,90
Truman Kuhic,Eunhaeng,1,5,27,12,85,0
Jamey Harris Sr.,Eunhaeng,1,5,28,56,96,70
Vanessa Kunze,Eunhaeng,1,5,29,80,75,31
Kyle Mayert MD,Eunhaeng,1,5,30,1,83,77
Abram Kub,Eunhaeng,2,1,1,76,38,9
Lionel Pacocha,Eunhaeng,2,1,2,1,50,53
Vicente Stanton,Eunhaeng,2,1,3,44,96,36
Dr. Bradley Carroll,Eunhaeng,2,1,4,29,47,0
Janay Rice,Eunhaeng,2,1,5,23,79,8
Mrs. Claude Moore,Eunhaeng,2,1,6,38,1,91
Chrissy Ritchie,Eunhaeng,2,1,7,30,40,78
Boyd Stamm,Eunhaeng,2,1,8,63,57,30
Annetta Stamm,Eunhaeng,2,1,9,82,17,91
Delphine McDermott,Eunhaeng,2,1,10,94,26,27
Tari Huels,Eunhaeng,2,1,11,61,6,73
Brendan Koss,Eunhaeng,2,1,12,2,91,14
Hilary Ullrich,Eunhaeng,2,1,13,71,78,49
In Halvorson,Eunhaeng,2,1,14,7,37,81
Vernice Harris V,Eunhaeng,2,1,15,35,99,99
Ms. Garland Kautzer,Eunhaeng,2,1,16,64,45,97
Cristobal Trantow II,Eunhaeng,2,1,17,62,87,7
Conrad Wisozk,Eunhaeng,2,1,18,51,95,75
Arlinda Hauck,Eunhaeng,2,1,19,40,92,65
Jimmie Waters,Eunhaeng,2,1,20,27,14,2
Tandy Hettinger,Eunhaeng,2,1,21,47,30,50
Danilo Franecki,Eunhaeng,2,1,22,59,12,23
Mr. Cordia Tillman,Eunhaeng,2,1,23,21,78,24
Dr. Michaela White,Eunhaeng,2,1,24,0,21,13
Earlean Glover,Eunhaeng,2,1,25,5,33,90
Mr. Rosario Kihn,Eunhaeng,2,1,26,93,22,67
Terrance Bradtke,Eunhaeng,2,1,27,72,51,35
Melonie Lockman,Eunhaeng,2,1,28,27,1,86
Guillermo Kuhic DDS,Eunhaeng,2,1,29,36,34,30
Miss Ollie Schultz,Eunhaeng,2,1,30,64,89,36
Lyman Braun,Eunhaeng,2,2,1,94,98,30
Darline Kuhn,Eunhaeng,2,2,2,49,75,21
Merlene Auer,Eunhaeng,2,2,3,72,91,4
Rachele Koch,Eunhaeng,2,2,4,98,82,82
Devin Goyette,Eunhaeng,2,2,5,21,99,48
Mr. Vannesa Jerde,Eunhaeng,2,2,6,63,85,4
Clarence Borer,Eunhaeng,2,2,7,67,33,32
Shaquana Rolfson,Eunhaeng,2,2,8,44,13,44
Shane Kilback V,Eunhaeng,2,2,9,13,17,5
Dinah Kuhic,Eunhaeng,2,2,10,92,52,5
Rubie Ullrich,Eunhaeng,2,2,11,96,63,69
Ambrose Daniel IV,Eunhaeng,2,2,12,69,91,20
Fermin Gutkowski,Eunhaeng,2,2,13,61,49,62
Selene Bradtke,Eunhaeng,2,2,14,97,90,88
Mr. Alphonse Kerluke,Eunhaeng,2,2,15,46,8,24
Alphonse McCullough II,Eunhaeng,2,2,16,82,5,16
Jermaine Wiza,Eunhaeng,2,2,17,99,60,75
Isiah Abshire,Eunhaeng,2,2,18,71,29,77
Rubin Schaden,Eunhaeng,2,2,19,26,15,66
Anthony Lehner III,Eunhaeng,2,2,20,10,31,44
George Murazik,Eunhaeng,2,2,21,82,70,94
Mrs. Jame Halvorson,Eunhaeng,2,2,22,62,76,13
Myles Hagenes,Eunhaeng,2,2,23,85,83,96
Nickole Lindgren,Eunhaeng,2,2,24,2,7,23
Gregory Doyle V,Eunhaeng,2,2,25,29,61,27
Lanora Hoppe DDS,Eunhaeng,2,2,26,82,65,31
Fonda Bernhard,Eunhaeng,2,2,27,62,73,32
Rina Bogan,Eunhaeng,2,2,28,53,88,82
Lulu Cole,Eunhaeng,2,2,29,69,52,10
Thora Brekke,Eunhaeng,2,2,30,0,50,24
Julissa Langosh,Eunhaeng,2,3,1,98,21,67
Shirley Herman,Eunhaeng,2,3,2,43,86,48
Beaulah Batz,Eunhaeng,2,3,3,73,61,1
Sharri Stanton,Eunhaeng,2,3,4,37,60,22
Kevin Schaefer III,Eunhaeng,2,3,5,73,5,34
Felton Balistreri V,Eunhaeng,2,3,6,34,62,10
Dallas Gerhold,Eunhaeng,2,3,7,72,74,22
Shon O'Hara DVM,Eunhaeng,2,3,8,47,70,40
Rubin Kulas,Eunhaeng,2,3,9,40,74,82
Mrs. Shanta Mohr,Eunhaeng,2,3,10,96,90,1
Prince Littel,Eunhaeng,2,3,11,0,54,27
Celina Purdy,Eunhaeng,2,3,12,64,74,56
Keena Dickens,Eunhaeng,2,3,13,92,52,78
Anthony Nicolas II,Eunhaeng,2,3,14,68,56,24
Ignacio Kautzer DVM,Eunhaeng,2,3,15,46,21,60
Yolanda Mitchell,Eunhaeng,2,3,16,20,52,32
Tresa Stamm III,Eunhaeng,2,3,17,50,52,67
Sydney Homenick,Eunhaeng,2,3,18,19,6,90
Mr. Terrell Cassin,Eunhaeng,2,3,19,55,58,40
Martine Mante,Eunhaeng,2,3,20,8,78,85
Leora Blanda,Eunhaeng,2,3,21,85,93,57
Rolanda Jast,Eunhaeng,2,3,22,61,30,86
Sonia Gutkowski,Eunhaeng,2,3,23,25,4,72
Carmelo Flatley IV,Eunhaeng,2,3,24,36,12,84
Adrianna Schultz,Eunhaeng,2,3,25,27,97,13
Eladia Schmidt,Eunhaeng,2,3,26,86,29,64
Li Orn,Eunhaeng,2,3,27,47,74,65
Willis Harber,Eunhaeng,2,3,28,57,62,22
Archie Aufderhar,Eunhaeng,2,3,29,45,99,27
Zoraida Ryan,Eunhaeng,2,3,30,90,76,91
Annamae Lakin,Eunhaeng,2,4,1,28,80,0
Taylor VonRueden DVM,Eunhaeng,2,4,2,54,34,20
Wallace Gutmann V,Eunhaeng,2,4,3,21,2,78
Ms. Jason Hoppe,Eunhaeng,2,4,4,55,2,29
Quinton Funk,Eunhaeng,2,4,5,4,58,25
Spencer Dach,Eunhaeng,2,4,6,68,64,90
Alonso Ward,Eunhaeng,2,4,7,99,14,70
Pat Waters,Eunhaeng,2,4,8,71,65,34
Modesto Bahringer,Eunhaeng,2,4,9,61,23,67
Rebeca Baumbach,Eunhaeng,2,4,10,13,89,68
Errol Kshlerin,Eunhaeng,2,4,11,93,76,94
Amparo Bailey IV,Eunhaeng,2,4,12,15,1,15
Raina Hahn,Eunhaeng,2,4,13,60,92,66
Krishna Kovacek I,Eunhaeng,2,4,14,58,68,3
Terrence Donnelly,Eunhaeng,2,4,15,23,99,39
Mikel Kihn,Eunhaeng,2,4,16,67,4,91
Martin Franecki,Eunhaeng,2,4,17,33,56,6
Michaela Towne,Eunhaeng,2,4,18,71,19,32
Bari Beer,Eunhaeng,2,4,19,82,89,87
Tommie Halvorson,Eunhaeng,2,4,20,19,26,29
Loren Will,Eunhaeng,2,4,21,35,77,47
Doreatha Pacocha,Eunhaeng,2,4,22,20,69,24
Freeda Kuphal Sr.,Eunhaeng,2,4,23,89,93,17
Nolan Powlowski,Eunhaeng,2,4,24,90,53,87
Nicholle Heidenreich,Eunhaeng,2,4,25,12,85,51
Darron White II,Eunhaeng,2,4,26,34,15,27
Jose Toy V,Eunhaeng,2,4,27,57,21,26
Chase Considine,Eunhaeng,2,4,28,7,21,21
Reina Ziemann Jr.,Eunhaeng,2,4,29,71,97,79
Rueben Dare,Eunhaeng,2,4,30,47,29,33
Joshua Heathcote,Eunhaeng,2,5,1,89,84,69
Qiana Cruickshank,Eunhaeng,2,5,2,76,47,27
Juana Bailey,Eunhaeng,2,5,3,66,18,95
Jame Ankunding,Eunhaeng,2,5,4,51,13,3
Monet Sanford,Eunhaeng,2,5,5,12,91,97
Rubin Sauer,Eunhaeng,2,5,6,71,26,47
Megan Blick,Eunhaeng,2,5,7,29,69,64
Elfriede Graham,Eunhaeng,2,5,8,66,1,3
Martin Turner,Eunhaeng,2,5,9,96,76,48
Keiko Hettinger,Eunhaeng,2,5,10,49,87,70
Jammie Ortiz,Eunhaeng,2,5,11,73,69,10
Barry Monahan,Eunhaeng,2,5,12,34,61,76
Stefan Kozey,Eunhaeng,2,5,13,36,53,22
Deidre Kuhlman,Eunhaeng,2,5,14,33,88,13
Carmine Marks,Eunhaeng,2,5,15,51,18,26
Teri Harvey Jr.,Eunhaeng,2,5,16,2,35,63
Lloyd Leffler II,Eunhaeng,2,5,17,97,88,84
Jesus Lind,Eunhaeng,2,5,18,48,33,51
Mrs. Fidel Thiel,Eunhaeng,2,5,19,5,5,35
Lamont Flatley,Eunhaeng,2,5,20,72,24,92
Keira Lueilwitz,Eunhaeng,2,5,21,45,92,8
Gregory Parker,Eunhaeng,2,5,22,86,8,5
Newton Miller,Eunhaeng,2,5,23,64,84,2
Ms. Fausto Schroeder,Eunhaeng,2,5,24,9,6,56
Amberly O'Reilly,Eunhaeng,2,5,25,4,37,20
Miss Freddie McDermott,Eunhaeng,2,5,26,99,61,57
Joie Ritchie,Eunhaeng,2,5,27,79,94,24
Terry Senger,Eunhaeng,2,5,28,45,9,16
Nola Altenwerth,Eunhaeng,2,5,29,46,92,15
Neville Kunde,Eunhaeng,2,5,30,45,99,88
Hester Douglas,Eunhaeng,3,1,1,0,67,44
Barry Schuster,Eunhaeng,3,1,2,77,73,6
Nicki Berge II,Eunhaeng,3,1,3,24,87,80
Keisha Leffler,Eunhaeng,3,1,4,48,45,53
Cecila Franecki,Eunhaeng,3,1,5,23,53,80
Eleonor Torphy,Eunhaeng,3,1,6,98,37,0
Melany Dare,Eunhaeng,3,1,7,78,59,25
Leah Vandervort,Eunhaeng,3,1,8,59,78,33
Dr. Joey McCullough,Eunhaeng,3,1,9,9,0,35
Gabriella Kuhlman,Eunhaeng,3,1,10,7,18,26
Elin Lindgren,Eunhaeng,3,1,11,69,75,8
Arturo Schulist,Eunhaeng,3,1,12,4,16,81
Olin Jerde,Eunhaeng,3,1,13,20,96,94
Jc Miller,Eunhaeng,3,1,14,0,99,86
Miss Elidia Kovacek,Eunhaeng,3,1,15,91,53,90
Eleonor Dickinson,Eunhaeng,3,1,16,0,66,58
Millard Bartoletti,Eunhaeng,3,1,17,75,29,68
Dorine Ankunding,Eunhaeng,3,1,18,62,69,53
Mitsue Rogahn DDS,Eunhaeng,3,1,19,39,25,41
Mrs. Monty Spinka,Eunhaeng,3,1,20,27,49,47
Drema McCullough,Eunhaeng,3,1,21,40,47,62
Curt West,Eunhaeng,3,1,22,11,11,6
Norbert Zemlak III,Eunhaeng,3,1,23,36,90,16
Rudy Lebsack,Eunhaeng,3,1,24,36,71,32
Leif Russel,Eunhaeng,3,1,25,35,66,55
Mr. Charles Blanda,Eunhaeng,3,1,26,30,64,25
Anjelica Ondricka MD,Eunhaeng,3,1,27,2,88,13
Coralee Langworth,Eunhaeng,3,1,28,76,1,27
Terrence Heidenreich,Eunhaeng,3,1,29,78,35,43
Delmar Welch,Eunhaeng,3,1,30,58,19,16
Rich Mueller,Eunhaeng,3,2,1,16,22,62
Mr. Lu Ward,Eunhaeng,3,2,2,4,55,94
Myron Labadie,Eunhaeng,3,2,3,18,20,32
Jennine West,Eunhaeng,3,2,4,68,39,97
Joella Cremin,Eunhaeng,3,2,5,92,79,68
Dr. Casey Reilly,Eunhaeng,3,2,6,52,2,79
Dorinda Schumm,Eunhaeng,3,2,7,27,81,76
Shona Kerluke Sr.,Eunhaeng,3,2,8,30,42,7
Elden Stamm,Eunhaeng,3,2,9,48,8,23
Isreal Purdy IV,Eunhaeng,3,2,10,59,43,58
Lewis Dooley,Eunhaeng,3,2,11,77,76,54
Tracy Erdman,Eunhaeng,3,2,12,12,39,59
Mr. Merissa Bailey,Eunhaeng,3,2,13,40,46,93
Ms. Morgan Russel,Eunhaeng,3,2,14,57,35,0
Barrett Rempel,Eunhaeng,3,2,15,77,44,41
Brad Kovacek,Eunhaeng,3,2,16,9,10,94
Allan Bogisich,Eunhaeng,3,2,17,24,66,26
William Hilll,Eunhaeng,3,2,18,68,37,13
Mauricio Langworth,Eunhaeng,3,2,19,99,30,27
Lorine Pacocha,Eunhaeng,3,2,20,35,9,12
Bud Dickinson,Eunhaeng,3,2,21,26,35,19
Frederick Keebler,Eunhaeng,3,2,22,27,7,50
Dr. Collin Thompson,Eunhaeng,3,2,23,15,56,80
Everette Schumm,Eunhaeng,3,2,24,24,50,37
Lemuel Harber V,Eunhaeng,3,2,25,49,73,1
Omar Jerde,Eunhaeng,3,2,26,44,75,85
Jewell Grant,Eunhaeng,3,2,27,52,5,53
Quinton Morissette,Eunhaeng,3,2,28,6,91,71
Paul Lesch PhD,Eunhaeng,3,2,29,3,69,11
Federico Harris,Eunhaeng,3,2,30,7,31,24
Miss Lynelle Tillman,Eunhaeng,3,3,1,6,72,13
Miss Bruce Rogahn,Eunhaeng,3,3,2,3,53,46
Cristobal Feil II,Eunhaeng,3,3,3,67,31,39
Ms. Eddie Huels,Eunhaeng,3,3,4,62,20,8
Myrtie Shanahan,Eunhaeng,3,3,5,50,60,30
Dr. Misty Schuppe,Eunhaeng,3,3,6,1,41,21
Denese Erdman,Eunhaeng,3,3,7,52,74,66
Erin Nitzsche,Eunhaeng,3,3,8,21,13,5
Ethan Ryan,Eunhaeng,3,3,9,62,42,87
Sanford Ritchie,Eunhaeng,3,3,10,15,24,29
Willard Ruecker,Eunhaeng,3,3,11,4,40,38
Stephanie Labadie,Eunhaeng,3,3,12,79,91,32
Ms. Marco Kohler,Eunhaeng,3,3,13,14,40,84
Fredric Hilpert DDS,Eunhaeng,3,3,14,56,2,33
Laurence Will,Eunhaeng,3,3,15,74,13,43
Laronda Deckow,Eunhaeng,3,3,16,18,18,32
Jean Lehner,Eunhaeng,3,3,17,19,52,58
Demetrius Dicki,Eunhaeng,3,3,18,21,15,69
Jeanene Spinka,Eunhaeng,3,3,19,86,2,37
Caroyln Deckow III,Eunhaeng,3,3,20,77,70,66
Thersa Stark Jr.,Eunhaeng,3,3,21,31,8,2
Dr. Larraine Braun,Eunhaeng,3,3,22,82,59,21
Warner Heathcote Sr.,Eunhaeng,3,3,23,84,8,3
Catarina Mante,Eunhaeng,3,3,24,44,13,22
Sima Stamm,Eunhaeng,3,3,25,31,80,36
Gary Moen,Eunhaeng,3,3,26,85,37,2
Michell Cummerata,Eunhaeng,3,3,27,90,4,57
Sam Kautzer PhD,Eunhaeng,3,3,28,29,64,90
Georgette Weissnat,Eunhaeng,3,3,29,32,18,13
Phyllis Spencer,Eunhaeng,3,3,30,28,82,79
Chi Flatley III,Eunhaeng,3,4,1,44,27,44
Wendolyn Wyman,Eunhaeng,3,4,2,62,9,32
Trinidad Bednar,Eunhaeng,3,4,3,68,73,6
Noma Hickle,Eunhaeng,3,4,4,90,56,82
Rebecka Kulas IV,Eunhaeng,3,4,5,77,19,57
Loren Gorczany,Eunhaeng,3,4,6,89,9,20
Wm Braun,Eunhaeng,3,4,7,42,24,45
Ms. Waldo Jenkins,Eunhaeng,3,4,8,92,45,92
Sharyn Zulauf,Eunhaeng,3,4,9,99,10,51
Reyna Effertz,Eunhaeng,3,4,10,45,83,64
Annie Wolff,Eunhaeng,3,4,11,66,97,34
Anitra Lynch,Eunhaeng,3,4,12,60,56,47
Boyce Torp,Eunhaeng,3,4,13,36,9,55
Mr. Hortencia Cartwright,Eunhaeng,3,4,14,63,27,94
Grayce Bergstrom,Eunhaeng,3,4,15,34,46,0
Garfield Heller,Eunhaeng,3,4,16,61,20,56
Kent Maggio,Eunhaeng,3,4,17,88,34,92
Dr. Zada D'Amore,Eunhaeng,3,4,18,35,93,75
Marty Kassulke,Eunhaeng,3,4,19,24,23,52
Graham Halvorson,Eunhaeng,3,4,20,6,53,60
Truman Sauer DDS,Eunhaeng,3,4,21,97,75,74
Yetta Schimmel,Eunhaeng,3,4,22,81,68,55
Bernie Morar,Eunhaeng,3,4,23,12,10,24
Wade Kuhic,Eunhaeng,3,4,24,57,21,37
Gene Heidenreich PhD,Eunhaeng,3,4,25,88,49,97
Monte Nader,Eunhaeng,3,4,26,10,4,48
Shannon Pagac,Eunhaeng,3,4,27,54,80,33
Mr. Aldo Kris,Eunhaeng,3,4,28,71,25,52
Miss Verda Mayert,Eunhaeng,3,4,29,42,93,67
Lewis Blick,Eunhaeng,3,4,30,36,23,1
Leopoldo Ritchie,Eunhaeng,3,5,1,25,9,70
Shantel Hackett,Eunhaeng,3,5,2,82,19,24
Amada Dicki V,Eunhaeng,3,5,3,3,48,71
Linwood Connelly,Eunhaeng,3,5,4,78,4,74
Fredric Gleason,Eunhaeng,3,5,5,88,25,29
Dylan Johnson Sr.,Eunhaeng,3,5,6,19,71,49
Vonnie Bernier,Eunhaeng,3,5,7,68,74,71
Gabriel Farrell,Eunhaeng,3,5,8,46,42,68
Andy Morar,Eunhaeng,3,5,9,4,30,79
Timothy Koss,Eunhaeng,3,5,10,36,15,38
Miss Hertha Kerluke,Eunhaeng,3,5,11,16,30,40
Cyril Lueilwitz,Eunhaeng,3,5,12,74,9,16
Hana Turcotte,Eunhaeng,3,5,13,92,64,65
Vern Vandervort III,Eunhaeng,3,5,14,25,0,51
Peggie Runolfsdottir Jr.,Eunhaeng,3,5,15,36,63,57
Ellis Marquardt,Eunhaeng,3,5,16,64,40,69
Miss Eli Hauck,Eunhaeng,3,5,17,99,81,66
Donte Bogan,Eunhaeng,3,5,18,45,64,89
Mr. Frank Effertz,Eunhaeng,3,5,19,63,59,55
Leandro Mueller,Eunhaeng,3,5,20,77,34,30
Melani Runte,Eunhaeng,3,5,21,52,28,20
Chester Klocko,Eunhaeng,3,5,22,53,21,62
Alleen Greenfelder,Eunhaeng,3,5,23,3,14,71
Sharilyn Thiel,Eunhaeng,3,5,24,85,46,26
Tianna Homenick,Eunhaeng,3,5,25,19,49,87
Eulalia Johnson,Eunhaeng,3,5,26,27,77,66
Graham Jenkins,Eunhaeng,3,5,27,91,18,68
Chante Rowe,Eunhaeng,3,5,28,55,45,82
Mrs. Murray Upton,Eunhaeng,3,5,29,35,42,12
Lynwood Hirthe V,Eunhaeng,3,5,30,24,93,78
